DateTime,BTC,ETH,USDT,BNB,SOL,Others
2013.05.05 ,1254762149,0,0,0,0,80617818.54
2013.05.12 ,1288631442,0,0,0,0,74918509.8
2013.05.19 ,1376371583,0,0,0,0,72448385.01
2013.05.26 ,1478025338,0,0,0,0,70654597.65
2013.06.02 ,1451925897,0,0,0,0,59084151.23
2013.06.09 ,1215132962,0,0,0,0,56547037.94
2013.06.16 ,1127123769,0,0,0,0,53126214.53
2013.06.23 ,1224978150,0,0,0,0,63751833.55
2013.06.30 ,1078255281,0,0,0,0,61514702.94
2013.07.07 ,782351595.2,0,0,0,0,62558420.82
2013.07.14 ,1126255795,0,0,0,0,63964236.82
2013.07.21 ,1027641925,0,0,0,0,62368059.45
2013.07.28 ,1082751498,0,0,0,0,67108470.5
2013.08.04 ,1207095509,0,0,0,0,73944491.35
2013.08.11 ,1188153837,0,0,0,0,100076179
2013.08.18 ,1304320188,0,0,0,0,118079812.5
2013.08.25 ,1387634727,0,0,0,0,114395225.2
2013.09.01 ,1572228888,0,0,0,0,113921127.6
2013.09.08 ,1448178129,0,0,0,0,120611886.8
2013.09.15 ,1514144914,0,0,0,0,119015022.4
2013.09.22 ,1500263578,0,0,0,0,144496486
2013.09.29 ,1587290661,0,0,0,0,187129307.3
2013.10.06 ,1514538901,0,0,0,0,146111082.8
2013.10.13 ,1599426159,0,0,0,0,134753808.6
2013.10.20 ,2037436875,0,0,0,0,131273013
2013.10.27 ,2102727708,0,0,0,0,120962276.3
2013.11.03 ,2459515516,0,0,0,0,141304452.2
2013.11.10 ,4174930742,0,0,0,0,219789513.8
2013.11.17 ,5291729353,0,0,0,0,201330742.5
2013.11.24 ,9570991362,0,0,0,0,450608893.8
2013.12.01 ,13614267716,0,0,0,0,1773432508
2013.12.08 ,8431855058,0,0,0,0,994564654.3
2013.12.15 ,10611621813,0,0,0,0,1357278283
2013.12.22 ,7315945128,0,0,0,0,804295000.3
2013.12.29 ,8872599591,0,0,0,0,1227100121
2014.01.05 ,10465659960,0,0,0,0,1416439752
2014.01.12 ,11264846811,0,0,0,0,1338053669
2014.01.19 ,10311486283,0,0,0,0,1256914101
2014.01.26 ,10510401360,0,0,0,0,1246998704
2014.02.02 ,10279152361,0,0,0,0,1245648151
2014.02.09 ,8307336965,0,0,0,0,974612731.2
2014.02.16 ,8077341036,0,0,0,0,1015438996
2014.02.23 ,7539892426,0,0,0,0,916707638.5
2014.03.02 ,7069287981,0,0,0,0,991821778.7
2014.03.09 ,7697912170,0,0,0,0,1139147414
2014.03.16 ,7968200288,0,0,0,0,1105910177
2014.03.23 ,7099236204,0,0,0,0,1062163604
2014.03.30 ,6193557127,0,0,0,0,744693113.2
2014.04.06 ,5843663675,0,0,0,0,640366276.7
2014.04.13 ,5326230585,0,0,0,0,561879494.6
2014.04.20 ,6356071183,0,0,0,0,745688816.7
2014.04.27 ,5805536631,0,0,0,0,583553161.2
2014.05.04 ,5580025865,0,0,0,0,558154230.7
2014.05.11 ,5789009427,0,0,0,0,622880749.2
2014.05.18 ,5735392705,0,0,0,0,609047102.7
2014.05.25 ,6729114877,0,0,0,0,671134979.2
2014.06.01 ,8007458710,0,0,0,0,674471018
2014.06.08 ,8428526959,0,0,0,0,686222992.6
2014.06.15 ,7427193646,0,0,0,0,642986194
2014.06.22 ,7703559805,0,0,0,0,642110338.9
2014.06.29 ,7728192403,0,0,0,0,606027373.4
2014.07.06 ,8203530646,0,0,0,0,536109673.5
2014.07.13 ,8252247432,0,0,0,0,575112824.2
2014.07.20 ,8196201373,0,0,0,0,588388451.3
2014.07.27 ,7782822949,0,0,0,0,549807066.6
2014.08.03 ,7710426679,0,0,0,0,554303432.6
2014.08.10 ,7730001925,0,0,0,0,507678202.9
2014.08.17 ,6826523803,0,0,0,0,398626148.8
2014.08.24 ,6567295887,0,0,0,0,424594033.2
2014.08.31 ,6642636071,0,0,0,0,557374169.4
2014.09.07 ,6421462128,0,0,0,0,567777680.1
2014.09.14 ,6355135251,0,0,0,0,610424557.3
2014.09.21 ,5425181058,0,0,0,0,567438974.3
2014.09.28 ,5321416705,0,0,0,0,580563455.5
2014.10.05 ,4389880123,0,0,0,0,528329924.8
2014.10.12 ,4849070088,0,0,0,0,532579831.6
2014.10.19 ,5242374418,0,0,0,0,550685422.1
2014.10.26 ,4665035343,0,0,0,0,492344753.3
2014.11.02 ,4386504162,0,0,0,0,453445662
2014.11.09 ,4655480675,0,0,0,0,490489500.6
2014.11.16 ,5060641298,0,0,0,0,504748526.1
2014.11.23 ,4778445707,0,0,0,0,568484469.3
2014.11.30 ,5090058613,0,0,0,0,805691531.5
2014.12.07 ,5090242007,0,0,0,0,827328040.7
2014.12.14 ,4717276441,0,0,0,0,885113574.7
2014.12.21 ,4491321812,0,0,0,0,1230188076
2014.12.28 ,4317327931,0,0,0,0,1205942213
2015.01.04 ,3847139735,0,0,0,0,1022340201
2015.01.11 ,3764964780,0,0,0,0,910455379.7
2015.01.18 ,2747723029,0,0,0,0,741546986.6
2015.01.25 ,3403308908,0,0,0,0,812101012.1
2015.02.01 ,2989456971,0,0,0,0,704113077
2015.02.08 ,3144923028,0,0,0,0,717287020.5
2015.02.15 ,3563295380,0,0,0,0,750334827.6
2015.02.22 ,3390509040,0,0,0,0,680290832
2015.03.01 ,3532057898,0,0,0,0,686712021.9
2015.03.08 ,3846742947,0,251600,0,0,609055629.3
2015.03.15 ,3923339799,0,251600,0,0,622378777.4
2015.03.22 ,3629914535,0,251600,0,0,585183880.9
2015.03.29 ,3536559217,0,251600,0,0,540579262.6
2015.04.05 ,3557453027,0,251600,0,0,530905421.4
2015.04.12 ,3321740502,0,251600,0,0,486738010.3
2015.04.19 ,3143459667,0,251600,0,0,467628765
2015.04.26 ,3190796973,0,251600,0,0,478231427.4
2015.05.03 ,3315974388,0,251600,0,0,466614075.5
2015.05.10 ,3418729921,0,251600,0,0,453398382.6
2015.05.17 ,3343946252,0,251600,0,0,431612196.4
2015.05.24 ,3391917865,0,451600,0,0,478250438.9
2015.05.31 ,3314789801,0,451600,0,0,540708679
2015.06.07 ,3213393226,0,451600,0,0,524075174
2015.06.14 ,3317074985,0,451600,0,0,534793415.5
2015.06.21 ,3503877684,0,451600,0,0,707840699.8
2015.06.28 ,3593902797,0,451600,0,0,719435555.2
2015.07.05 ,3741659654,0,451600,0,0,749318634
2015.07.12 ,4213278129,0,451600,0,0,709820478.8
2015.07.19 ,3956139972,0,451600,0,0,657178668.4
2015.07.26 ,4163471698,0,451600,0,0,690646685.5
2015.08.02 ,4052470133,0,451600,0,0,668848251.2
2015.08.09 ,3779770680,42637543.68,451600,0,0,643740112.5
2015.08.16 ,3797323161,102028033.2,451600,0,0,645427029.8
2015.08.23 ,3346765518,99894340.6,451600,0,0,577108445.8
2015.08.30 ,3345732050,86145906.39,451600,0,0,555610539.9
2015.09.06 ,3424428151,97625195.45,451600,0,0,566415117.7
2015.09.13 ,3435997782,76193716.66,451600,0,0,568396773.2
2015.09.20 ,3385770806,64600034.35,451600,0,0,550597592
2015.09.27 ,3431856750,58149531.52,451600,0,0,520772070.4
2015.10.04 ,3502459356,50555947.04,451600,0,0,491513064.8
2015.10.11 ,3599835149,46327504.64,451600,0,0,478005778.4
2015.10.18 ,3991622475,40550433.25,451600,0,0,476325507.8
2015.10.25 ,4154105118,41781371,451600,0,0,454501974.6
2015.11.01 ,4657899150,68477207.23,451600,0,0,505971787.1
2015.11.08 ,5692387998,68254322.67,451600,0,0,498885855.4
2015.11.15 ,4942412593,66590205.76,451600,0,0,445075649.6
2015.11.22 ,4861341321,73378875.25,451600,0,0,437297963.4
2015.11.29 ,5324603226,68625059.25,451600,0,0,460810226.3
2015.12.06 ,5813290200,65194898.36,951600,0,0,507303525.4
2015.12.13 ,6454429948,73276328.72,951600,0,0,628642347.1
2015.12.20 ,6925021737,68663123.23,951600,0,0,561783635.8
2015.12.27 ,6251439746,64650004.39,951600,0,0,535038777.6
2016.01.03 ,6519493347,71275843.47,951600,0,0,548249257.9
2016.01.10 ,6752207451,75031161.86,1451600,0,0,555609819.5
2016.01.17 ,5842269905,93207495.47,1452172.776,0,0,510330587.1
2016.01.24 ,5867294005,145357921.2,1451776.678,0,0,527976296.9
2016.01.31 ,5729876280,187288793.4,1451600,0,0,609143198.8
2016.02.07 ,5714757845,194883946.3,1451600,0,0,666956656.3
2016.02.14 ,5975579008,416193451.5,1451600,0,0,712965764.2
2016.02.21 ,6669256895,336572452.3,1451600,0,0,740598988.5
2016.02.28 ,6600315177,495545000.9,1451600,0,0,738218462.3
2016.03.06 ,6121408382,868737165.6,1451599.827,0,0,731973028.4
2016.03.13 ,6302326832,1049934287,1451449.192,0,0,842667591.9
2016.03.20 ,6293608466,822294753.3,1451593.577,0,0,796255426.8
2016.03.27 ,6423042999,862207437.6,1451591,0,0,842207796.1
2016.04.03 ,6480475540,915178309.3,1451591,0,0,814574815.6
2016.04.10 ,6467328064,722132721.7,1451591,0,0,755897479.2
2016.04.17 ,6649170352,682467508.3,1451591,0,0,752260437.2
2016.04.24 ,6968576354,658203215,1451591,0,0,800118791.7
2016.05.01 ,6940220695,699881220.8,1951591,0,0,778426493.6
2016.05.08 ,7114057186,748029355.2,1951591,0,0,791002379.4
2016.05.15 ,7084755187,819397650.3,1958462.95,0,0,780488891.9
2016.05.22 ,6900706986,1126810311,1951591,0,0,789351207.6
2016.05.29 ,8226502854,974781807.2,1951591,0,0,839263843.3
2016.06.05 ,8955049694,1110685557,2951591,0,0,1030312966
2016.06.12 ,9539851633,1148076034,2951591,0,0,1067420902
2016.06.19 ,11859832811,906288322,5951586.034,0,0,1100627697
2016.06.26 ,10454854636,1160585679,5951641.373,0,0,1099908524
2016.07.03 ,11086081265,989130563.2,5951591,0,0,1185736548
2016.07.10 ,10247292404,896902499.3,5951586.388,0,0,1170953286
2016.07.17 ,10434741392,953757991,6951613.375,0,0,1471648652
2016.07.24 ,10338572708,1176252971,6951591,0,0,1459422602
2016.07.31 ,10340889222,1026305198,6951648.18,0,0,1408653804
2016.08.07 ,9285937038,898343259,6948510.744,0,0,1455671416
2016.08.14 ,9258735938,960854022.3,6951586.857,0,0,1385058325
2016.08.21 ,9208215376,936015579.3,6951591,0,0,1387817774
2016.08.28 ,9023610649,929687680,6951591,0,0,1293850048
2016.09.04 ,9486373845,982950196.9,6951591,0,0,1389424719
2016.09.11 ,9887773727,1023632916,6951590.95,0,0,1437641510
2016.09.18 ,9623944106,1066616877,6951584.735,0,0,1417987465
2016.09.25 ,9575355371,1083511238,6951585.978,0,0,1424782252
2016.10.02 ,9761333067,1114202869,6951590.95,0,0,1365412633
2016.10.09 ,9852485145,1035586352,6951590.95,0,0,1400377360
2016.10.16 ,10176766351,1018540091,6951590.85,0,0,1377141647
2016.10.23 ,10479669330,1033971026,6951589.316,0,0,1424807864
2016.10.30 ,11388836334,891168049.5,6951589.73,0,0,1288944186
2016.11.06 ,11233033307,941732522.9,6951588.73,0,0,1366582870
2016.11.13 ,11264543084,849341460.3,6951589.8,0,0,1354563546
2016.11.20 ,12027477305,832050376,6951589.8,0,0,1307720537
2016.11.27 ,11773780502,804084701.7,6951589.8,0,0,1285683046
2016.12.04 ,12363543726,684257741.7,6951736.399,0,0,1273546316
2016.12.11 ,12423597454,705363349.7,6951595.521,0,0,1266087473
2016.12.18 ,12694811835,684028136.9,6951771.204,0,0,1294308096
2016.12.25 ,14450083951,633791855,6951626.183,0,0,1409872728
2017.01.01 ,15491191079,698148582.1,9951670.39,0,0,1536208445
2017.01.08 ,14611436883,865667437.1,14951726.29,0,0,1506343953
2017.01.15 ,13174247860,864036600.2,14952066.33,0,0,1480363217
2017.01.22 ,14863609422,961461115.2,14951704.9,0,0,1609677086
2017.01.29 ,14873957221,933090757.9,14951770.85,0,0,1646299515
2017.02.05 ,16847343179,1013392173,24951571.5,0,0,1782813556
2017.02.12 ,16214597429,1008032747,24950975.18,0,0,1723819041
2017.02.19 ,17056569066,1140873274,24951216.1,0,0,1734606636
2017.02.26 ,18518937117,1206149617,24952084.63,0,0,1707561693
2017.03.05 ,20315993974,1655022306,24951229.42,0,0,1949232107
2017.03.12 ,19073207582,1924658490,34951919.11,0,0,2202182330
2017.03.19 ,15846004247,3193599257,44952207.56,0,0,2712044097
2017.03.26 ,15814856914,4574532781,44947036.55,0,0,3014063140
2017.04.02 ,17559345253,4582702035,54927878.02,0,0,3955925442
2017.04.09 ,19134336512,4009004642,54935165.62,0,0,4710423840
2017.04.16 ,19085099186,4450139912,50740673.16,0,0,5080119941
2017.04.23 ,20066218960,4420033152,51488828.56,0,0,5404459379
2017.04.30 ,21548458538,6248835923,59055708.81,0,0,7460451367
2017.05.07 ,25768507380,8942951790,60446157.41,0,0,11544294609
2017.05.14 ,29405073820,8322378947,60697425.27,0,0,16897250896
2017.05.21 ,33779318021,11705707879,61940825.29,0,0,25468834106
2017.05.28 ,33595986107,14608584508,107331369.8,0,0,20309897440
2017.06.04 ,41708285206,20659812408,107470687.9,0,0,28360735570
2017.06.11 ,48208688681,31296814565,130665290.6,0,0,30557831336
2017.06.18 ,43539274676,35133780829,126049773,0,0,33744892674
2017.06.25 ,42783762418,30005926010,147510147.9,0,0,36283804688
2017.07.02 ,40010469450,25572795596,219180430.5,0,0,29920157019
2017.07.09 ,42283166365,23454654722,219893503.3,0,0,30554285410
2017.07.16 ,32767572892,15823085103,295162363.3,0,0,21255877690
2017.07.23 ,46231142027,21418291140,317831289.2,0,0,29627939128
2017.07.30 ,44890666010,19360924119,318471136.1,10793543.61,0,25817144295
2017.08.06 ,53720893168,24053474690,320093043.8,12929250.3,0,34502610744
2017.08.13 ,64034105431,29161053352,319661283.8,44598975.78,0,40705584990
2017.08.20 ,69192659044,27918126333,318596320.4,0,0,48662617534
2017.08.27 ,71809248347,31517529779,319542631.1,217996716.5,0,52897679839
2017.09.03 ,75841707835,33059801353,348835807.9,0,0,55618439132
2017.09.10 ,70018089815,27797226687,405081602.6,98207825.42,0,49186857366
2017.09.17 ,59757816344,23272527159,445726239,0,0,40051147410
2017.09.24 ,62954280982,27129873955,443271716.7,77580380.44,0,41155964742
2017.10.01 ,72047302432,28615152628,435866669.5,128417861.5,0,46668646521
2017.10.08 ,73575423620,29550901435,436235346.8,157617509.4,0,46241181449
2017.10.15 ,97011856642,32292086679,437236582.9,149512708.2,0,46833193468
2017.10.22 ,1.00438E+11,28624836350,437025998.6,124292467.5,0,43499662817
2017.10.29 ,95819797363,28270164669,438159660.8,116675469.4,0,44367385878
2017.11.05 ,1.23388E+11,28661500793,494443671.5,162104811.7,0,46805554489
2017.11.12 ,1.0498E+11,30106190879,597637605.5,165243179.3,0,64702376265
2017.11.19 ,1.29595E+11,33284903532,645544981.8,165686207.7,0,69935933040
2017.11.26 ,1.46789E+11,44712118251,677815034.6,187605725.9,0,88930165466
2017.12.03 ,1.85258E+11,44560454568,814847511.5,206484986.3,0,98227074072
2017.12.10 ,2.53782E+11,45501434899,831977608.4,263509682.5,0,1.16548E+11
2017.12.17 ,3.26141E+11,67106371108,1132154310,462329807.9,0,1.84678E+11
2017.12.24 ,2.44824E+11,69671214844,1279864354,469508440,0,2.50039E+11
2017.12.31 ,2.16326E+11,68850777145,1401350863,768675994.2,0,2.72409E+11
2018.01.07 ,2.94222E+11,1.00981E+11,1478767718,2254460630,0,4.16222E+11
2018.01.14 ,2.41447E+11,1.35503E+11,1474488550,2203405215,0,3.63637E+11
2018.01.21 ,2.1674E+11,1.12226E+11,1622821100,1608866076,0,2.98438E+11
2018.01.28 ,1.93133E+11,1.08122E+11,1612504590,1317057887,0,2.57792E+11
2018.02.04 ,1.54553E+11,93953421902,2226848163,964954684.8,0,1.95507E+11
2018.02.11 ,1.45245E+11,83813030803,2228046516,911014993.1,0,1.9005E+11
2018.02.18 ,1.87663E+11,95077121296,2227521080,1157727816,0,2.27663E+11
2018.02.25 ,1.65407E+11,82119104314,2227758425,906298736.7,0,1.80561E+11
2018.03.04 ,1.94289E+11,83877819100,2217572950,1010655234,0,1.81922E+11
2018.03.11 ,1.49716E+11,67235677482,2224830203,757333032.2,0,1.41829E+11
2018.03.18 ,1.33547E+11,54200091109,2228614505,886909640.7,0,1.16844E+11
2018.03.25 ,1.45882E+11,51431555387,2287423005,1300568742,0,1.28985E+11
2018.04.01 ,1.18705E+11,39144659014,2277309793,1104193689,0,1.0264E+11
2018.04.08 ,1.17392E+11,38065416618,2290638075,1454721303,0,1.0077E+11
2018.04.15 ,1.35812E+11,49696276125,2278695801,1546025895,0,1.29706E+11
2018.04.22 ,1.51651E+11,59985528067,2297004416,1522941114,0,1.70403E+11
2018.04.29 ,1.58928E+11,67782362149,2414399396,1729339692,0,1.97968E+11
2018.05.06 ,1.67541E+11,81000235560,2257858453,1637897061,0,2.14808E+11
2018.05.13 ,1.45022E+11,68304030966,2208214046,1483453712,0,1.73034E+11
2018.05.20 ,1.40556E+11,69472771049,2510830718,1636510284,0,1.62004E+11
2018.05.27 ,1.25575E+11,58667599538,2511545924,1458098684,0,1.40635E+11
2018.06.03 ,1.30288E+11,59026063940,2487158365,1674348367,0,1.50075E+11
2018.06.10 ,1.28128E+11,59420125574,2530640243,1816513996,0,1.43647E+11
2018.06.17 ,1.11913E+11,50005817442,2619828877,1799459289,0,1.13729E+11
2018.06.24 ,1.0548E+11,47601899173,2604208302,1775725411,0,99908065816
2018.07.01 ,1.09797E+11,45709527739,2699893268,1673692772,0,97861482356
2018.07.08 ,1.17522E+11,49477697956,2619159113,1641955048,0,1.07088E+11
2018.07.15 ,1.07573E+11,43890752259,2713583376,1378565299,0,93969303131
2018.07.22 ,1.27308E+11,46630921234,2660382025,1164183028,0,1.03823E+11
2018.07.29 ,1.40951E+11,47149571428,2498122109,1394301336,0,1.05795E+11
2018.08.05 ,1.20869E+11,41192725336,2432197417,1323679385,0,87975317512
2018.08.12 ,1.08106E+11,32489149688,2421279979,1116316004,0,68404917219
2018.08.19 ,1.10583E+11,29984192043,2736760882,947620321.8,0,68361524687
2018.08.26 ,1.16387E+11,28386921153,2801107289,966035368.2,0,68927203006
2018.09.02 ,1.23981E+11,30046692957,2733544310,1092034445,0,78945864600
2018.09.09 ,1.07397E+11,20203492381,2762867707,912022738.4,0,61965784372
2018.09.16 ,1.12888E+11,22721984527,2768526045,966242410.9,0,64085020333
2018.09.23 ,1.16059E+11,24611501925,2795653692,1155118102,0,79787903776
2018.09.30 ,1.14234E+11,23657737549,2810691617,1174837340,0,80304987020
2018.10.07 ,1.14075E+11,23087109195,2800634329,1221312395,0,76689149597
2018.10.14 ,1.08921E+11,20479177355,2673590361,1121155809,0,68719921515
2018.10.21 ,1.12492E+11,21092979492,2043920962,1276303840,0,72767898093
2018.10.28 ,1.12443E+11,21031676023,1917218503,1265404063,0,72493746947
2018.11.04 ,1.10494E+11,20612531019,1774680066,1246768788,0,72867900254
2018.11.11 ,1.11403E+11,21911583370,1771453282,1251278886,0,77135198053
2018.11.18 ,96636067731,17986209056,1730455044,1012190702,0,66054949199
2018.11.25 ,67495909377,11697896649,1767539108,665116455.2,0,44518136219
2018.12.02 ,73103624622,12246074288,1856127403,689724736.8,0,48067930484
2018.12.09 ,60481004016,9542449873,1888186415,616644937.8,0,37945027041
2018.12.16 ,56392207667,8769607065,1865740610,597777253.6,0,34465352307
2018.12.23 ,70116295670,12190954873,1884938320,775824602.2,0,47123307845
2018.12.30 ,66706731184,14325112812,1914864923,764203723.3,0,45481550059
2019.01.06 ,67006053968,16237236866,1900206476,793710266.3,0,45491734494
2019.01.13 ,63951617854,13137238653,1968418157,781515697.2,0,42235384655
2019.01.20 ,65159494467,13019799098,2050228574,858606695,0,43161077838
2019.01.27 ,63093875788,12184594599,2038602966,904623729.5,0,41959864596
2019.02.03 ,61588918670,11567052751,2022768281,889494818.1,0,39687140295
2019.02.10 ,64389753660,12513573148,2023520027,1250272710,0,41593020643
2019.02.17 ,63736028656,12920355294,2030511100,1289540696,0,41000589466
2019.02.24 ,72772318881,16681863329,2039149978,1524397301,0,48113797054
2019.03.03 ,67850503782,14164562612,2040316121,1672266808,0,44676078510
2019.03.10 ,69724795688,14532501838,2011641529,2056489700,0,46864695709
2019.03.17 ,71210263478,14972861114,2023048350,2271406545,0,50235644112
2019.03.24 ,71044348339,14573095736,2036815721,2151674294,0,50951107237
2019.03.31 ,72360880278,14993087938,2029665840,2381796011,0,52300707126
2019.04.07 ,89207416875,17527453359,2085680195,2689463581,0,65206438368
2019.04.14 ,89840955122,17367737102,2434703204,2639514040,0,60428447999
2019.04.21 ,94235418171,18381397205,2584725072,3515050284,0,62128593515
2019.04.28 ,93090559253,16758187937,2831470494,3150273130,0,55426680654
2019.05.05 ,1.0304E+11,17386994776,2780697168,3233950438,0,58307918232
2019.05.12 ,1.27325E+11,20628252727,2779144867,2964098973,0,63234232338
2019.05.19 ,1.28743E+11,24817038182,2826226960,3997394082,0,68191402931
2019.05.26 ,1.42731E+11,26723606381,3066381059,4924654282,0,73678875185
2019.06.02 ,1.52071E+11,28197576197,3145380171,4668534839,0,83097146821
2019.06.09 ,1.41196E+11,26149304837,3253191274,4526576418,0,79145351478
2019.06.16 ,1.57072E+11,28625941299,3458023901,4625271041,0,83517330162
2019.06.23 ,1.90066E+11,33035829906,3520673454,5341330586,0,92868333722
2019.06.30 ,2.12196E+11,34052073190,3590222819,4974021524,0,88377543368
2019.07.07 ,1.9912E+11,30689153148,3701709406,4605459370,0,81546650461
2019.07.14 ,2.03023E+11,28783299572,3905162368,4445058407,0,71615703741
2019.07.21 ,1.91923E+11,24456088024,4050251566,4797501195,0,68472226570
2019.07.28 ,1.69377E+11,22247512892,4018636103,4320288836,0,62917829625
2019.08.04 ,1.93265E+11,23868290194,4044808202,4341252054,0,65015598907
2019.08.11 ,2.02577E+11,22152221748,4041818471,4613679897,0,60463109210
2019.08.18 ,1.82964E+11,19992339542,4043891337,4281199736,0,54312230888
2019.08.25 ,1.8172E+11,20504770365,4058129081,4118754227,0,55142026643
2019.09.01 ,1.72383E+11,18548427164,4021478251,3304959016,0,51312520228
2019.09.08 ,1.88473E+11,19219420861,4071110602,3508160633,0,52574742342
2019.09.15 ,1.85785E+11,20288460966,4111563122,3278128144,0,52827438894
2019.09.22 ,1.79904E+11,23264134521,4115829246,3275847475,0,55848283224
2019.09.29 ,1.48263E+11,18871654652,4126940658,2470160216,0,44942452086
2019.10.06 ,1.46549E+11,19059980501,4113996157,2447631178,0,46039780464
2019.10.13 ,1.49869E+11,19519081974,4126320916,2672886894,0,47656893092
2019.10.20 ,1.4399E+11,18727930838,4135824474,2826938327,0,47819611665
2019.10.27 ,1.6654E+11,19512025260,4114695515,2935460691,0,50986872136
2019.11.03 ,1.68626E+11,19973728732,4125800069,3156075841,0,54038958636
2019.11.10 ,1.58848E+11,20057352388,4111546127,3069491115,0,53695897005
2019.11.17 ,1.54328E+11,19902777449,4135345056,3151680143,0,52672386426
2019.11.24 ,1.33695E+11,16699803584,4154438752,2553896284,0,45432767122
2019.12.01 ,1.3683E+11,16553240368,4115674787,2439716224,0,45262056334
2019.12.08 ,1.36651E+11,16194266412,4141884818,2437896970,0,44783168002
2019.12.15 ,1.28818E+11,15557850972,4130847960,2253189689,0,43143008101
2019.12.22 ,1.30214E+11,13968963972,4135072141,2081692610,0,40088604514
2019.12.29 ,1.32297E+11,13998262898,4122083608,2132158326,0,40623080333
2020.01.05 ,1.3462E+11,14772145426,4134451585,2160415212,0,41914003819
2020.01.12 ,1.45543E+11,15602163663,4637102543,2318576010,0,45811386753
2020.01.19 ,1.62127E+11,19171231642,4640900241,2766710668,0,55819123733
2020.01.26 ,1.51963E+11,17612674205,4653436503,2636486780,0,52735516453
2020.02.02 ,1.70741E+11,20103729621,4647211835,2838888330,0,60784375556
2020.02.09 ,1.79461E+11,24461176140,4637776474,3382766443,0,69425415906
2020.02.16 ,1.80292E+11,29021372682,4650789294,3761131984,0,73242678083
2020.02.23 ,1.76143E+11,28799181069,4653215540,3422928538,0,67166201768
2020.03.01 ,1.56932E+11,24178036765,4663074968,3020098680,0,56222994368
2020.03.08 ,1.62765E+11,26005406118,4657554753,3138672544,0,59811568073
2020.03.15 ,94487825437,13537446267,4649961777,1578643172,0,34494665716
2020.03.22 ,1.13048E+11,14619353871,4657922384,1879211576,0,39914412467
2020.03.29 ,1.14066E+11,14454229087,4632966970,1898674632,0,40709764021
2020.04.05 ,1.25786E+11,16048869078,6187645163,2148235653,0,42719849608
2020.04.12 ,1.25655E+11,17498032578,6342828317,2146805866,0,44295618092
2020.04.19 ,1.33083E+11,20690356522,6362229064,2583920842,0,47371823502
2020.04.26 ,1.388E+11,21619614419,6396211526,2537274868,0,48984688270
2020.05.03 ,1.65015E+11,23852894912,6385165409,2735350821,0,54168214230
2020.05.10 ,1.76024E+11,23399301296,6393948071,2619087355,0,53982916485
2020.05.17 ,1.7194E+11,22237181362,8819574332,2494023987,0,56237737501
2020.05.24 ,1.69078E+11,23117885487,8838182532,2572955472,0,52469469205
2020.05.31 ,1.78325E+11,26941236981,8806667285,2754234383,0,56572865633
2020.06.07 ,1.77477E+11,26908917243,9189997022,2727679733,10767457.3,58017952584
2020.06.14 ,1.7443E+11,26597319162,9206643741,2616792794,10542172.28,56661391140
2020.06.21 ,1.72418E+11,25609587765,9208720911,2505555777,11219045.44,56269192561
2020.06.28 ,1.66741E+11,24862263448,9238007625,2362889902,12311382.75,53466938975
2020.07.05 ,1.67759E+11,25500469870,9160891839,2411643864,13430143.1,56336554973
2020.07.12 ,1.70305E+11,26749484535,9196759497,2739640923,15923631.34,63527335362
2020.07.19 ,1.68828E+11,26324400921,9173868443,2662168905,16679738.71,64682627541
2020.07.26 ,1.785E+11,34002682189,9977104655,2852556882,21469692.43,69643538334
2020.08.02 ,2.17162E+11,43234970338,9952996251,3113313350,26347988.8,79574705281
2020.08.09 ,2.17069E+11,44468181863,10009613987,3302946310,42700112.86,83555429850
2020.08.16 ,2.1904E+11,48604172042,10004307331,3320979624,93120172.8,91920431135
2020.08.23 ,2.15627E+11,44469081756,9997582214,3203879893,95101959.41,91292228817
2020.08.30 ,2.12317E+11,44936714530,10025643534,3321931654,128017268,92684168828
2020.09.06 ,1.88161E+11,37499006995,14151947510,2797971498,88025996.18,78966908625
2020.09.13 ,1.93253E+11,43624737350,14708557413,4101633575,117202017.9,88808936150
2020.09.20 ,2.05026E+11,43438624231,15234079578,3925380716,113175900.5,86400767045
2020.09.27 ,1.98609E+11,40005077720,15304202316,3776637307,121256854.2,83857821990
2020.10.04 ,1.95262E+11,39118072549,15597787542,4074403911,104042919.8,80844472816
2020.10.11 ,2.09117E+11,41898254385,15723593529,4102925182,101957019.4,86969026059
2020.10.18 ,2.10314E+11,41688656883,15818260294,4366886174,95875274.88,84247165726
2020.10.25 ,2.42756E+11,46660158881,16250799905,4423338193,85177252.6,87893897110
2020.11.01 ,2.54826E+11,43770077536,16657595743,4097437477,70667639.83,81681189747
2020.11.08 ,2.74068E+11,49186747591,17153053542,3976253787,92667467.66,84375375176
2020.11.15 ,2.97699E+11,52036034175,17838726485,4028625416,87999473.33,89026698200
2020.11.22 ,3.45777E+11,62576823369,18353112849,4411064764,110000496,1.10192E+11
2020.11.29 ,3.29155E+11,61285025175,19057682068,4222530601,86850260.09,1.17106E+11
2020.12.06 ,3.56378E+11,68362296000,19645832618,4298510450,91730750.38,1.19599E+11
2020.12.13 ,3.50134E+11,64800293363,19826514950,4085037510,69083082.42,1.11193E+11
2020.12.20 ,4.41913E+11,74813113389,20119999186,4795467991,77536688.15,1.31111E+11
2020.12.27 ,4.92704E+11,72657705038,20682807548,4841629963,61719088.4,1.10241E+11
2021.01.03 ,5.97467E+11,88563949593,21212844968,5536106340,84342594.55,1.18186E+11
2021.01.10 ,7.52588E+11,1.47335E+11,23728084765,6399552648,895924718.4,1.57294E+11
2021.01.17 ,6.67116E+11,1.39277E+11,24297729030,6083064552,887800262.6,1.747E+11
2021.01.24 ,5.91706E+11,1.40209E+11,24794123390,6283108542,915453141.8,1.72469E+11
2021.01.31 ,6.34839E+11,1.5701E+11,26373842728,6918638351,1106838492,1.92216E+11
2021.02.07 ,7.25553E+11,1.91855E+11,28257478542,11236656717,1604018607,2.36087E+11
2021.02.14 ,8.79818E+11,2.08123E+11,31612995619,20649075528,2290937215,3.29731E+11
2021.02.21 ,1.04113E+12,2.18119E+11,34125043145,38949693707,2597105470,3.64923E+11
2021.02.28 ,8.5521E+11,1.6645E+11,35024040733,34549176238,3439009687,3.26839E+11
2021.03.07 ,9.15662E+11,1.91085E+11,36436699929,35061963499,3422026039,3.36884E+11
2021.03.14 ,1.14154E+12,2.21054E+11,38221472673,42708418957,4098496416,3.93467E+11
2021.03.21 ,1.08659E+12,2.0738E+11,39534413171,40686004149,3786600110,4.19995E+11
2021.03.28 ,1.04651E+12,1.97897E+11,40181026730,41785853186,4451118611,4.25053E+11
2021.04.04 ,1.07108E+12,2.3191E+11,42452506770,49427162048,6003314924,4.81554E+11
2021.04.11 ,1.11925E+12,2.46254E+11,44397618791,72808563035,7211644639,5.55488E+11
2021.04.18 ,1.13547E+12,2.7117E+11,48360308368,79848227759,6778102256,6.5698E+11
2021.04.25 ,9.35705E+11,2.5627E+11,49432687558,76357951856,11076834762,4.97439E+11
2021.05.02 ,1.08257E+12,3.41505E+11,51506813937,95047467174,13596479162,6.59861E+11
2021.05.09 ,1.10243E+12,4.50779E+11,55271312416,99129806594,12455780450,7.43436E+11
2021.05.16 ,8.72705E+11,4.20897E+11,58224033556,86433567112,11784592530,7.27468E+11
2021.05.23 ,6.92898E+11,2.63718E+11,59510401202,45291809563,8264756676,4.82624E+11
2021.05.30 ,6.44153E+11,2.62385E+11,61314086539,46417558911,7421123362,4.62806E+11
2021.06.06 ,6.64815E+11,3.04784E+11,62235447539,59863461889,10834236147,5.10276E+11
2021.06.13 ,6.64373E+11,2.74942E+11,62666339230,52588509490,9882662693,4.52699E+11
2021.06.20 ,6.67937E+11,2.52901E+11,62668946317,51475813265,9626844673,4.32986E+11
2021.06.27 ,6.03382E+11,2.12125E+11,62608769751,42771826002,8049071643,3.66886E+11
2021.07.04 ,6.50151E+11,2.59772E+11,62371971542,45687993065,9405286253,4.06422E+11
2021.07.11 ,6.28954E+11,2.46869E+11,62208640230,48556581381,8652006303,3.94162E+11
2021.07.18 ,5.91135E+11,2.21904E+11,62016265105,46056672663,7288871883,3.30603E+11
2021.07.25 ,6.43616E+11,2.55543E+11,61846003177,50565264220,7821861376,3.82865E+11
2021.08.01 ,7.74709E+11,2.94784E+11,61816149841,55629273761,9810318835,4.38751E+11
2021.08.08 ,8.34795E+11,3.68678E+11,62133279237,59830214877,10728832638,4.95567E+11
2021.08.15 ,8.84845E+11,3.82818E+11,63288707995,68846649702,12632083401,5.86189E+11
2021.08.22 ,9.17485E+11,3.78412E+11,64666364293,75600568164,21120456863,6.23505E+11
2021.08.29 ,9.19329E+11,3.80983E+11,65545937495,81683542351,27879534864,6.28938E+11
2021.09.05 ,9.39712E+11,4.56907E+11,66805103142,83623348508,40646009403,6.83117E+11
2021.09.12 ,8.51089E+11,3.84678E+11,68369456228,68199021072,52325635739,6.41774E+11
2021.09.19 ,9.08358E+11,4.03121E+11,68248389502,68980522029,50102290109,6.53035E+11
2021.09.26 ,8.04898E+11,3.45003E+11,68606097794,58949547422,40526934191,5.80775E+11
2021.10.03 ,9.00073E+11,4.01549E+11,68046195388,72537912152,50776437927,6.25059E+11
2021.10.10 ,1.03422E+12,4.20801E+11,68405597009,70776216024,46835524472,6.79558E+11
2021.10.17 ,1.14645E+12,4.50803E+11,68765490084,77937333456,47240163495,6.81172E+11
2021.10.24 ,1.15811E+12,4.93834E+11,69631400587,81119747756,59575530806,6.96082E+11
2021.10.31 ,1.17242E+12,5.11419E+11,70357678346,88460879868,58833748726,7.34021E+11
2021.11.07 ,1.16078E+12,5.33985E+11,71964436301,1.06134E+11,77468873674,7.79678E+11
2021.11.14 ,1.21727E+12,5.49368E+11,73907428249,1.08395E+11,73028757873,8.06273E+11
2021.11.21 ,1.12686E+12,5.22371E+11,73062349328,1.0079E+11,66030019569,7.72766E+11
2021.11.28 ,1.03135E+12,4.83716E+11,73196290270,99564534106,58368435221,7.23854E+11
2021.12.05 ,9.33393E+11,4.91312E+11,74227082096,95579955712,61997942082,6.68767E+11
2021.12.12 ,9.33636E+11,4.85113E+11,76183458803,94312911032,52766414692,6.34667E+11
2021.12.19 ,8.86671E+11,4.70733E+11,76387504271,89224298448,56366169809,6.27553E+11
2021.12.26 ,9.54065E+11,4.8665E+11,77639400669,91401319945,59699759318,7.02889E+11
2022.01.02 ,9.02088E+11,4.48412E+11,78383296646,87943673305,55233781582,6.80965E+11
2022.01.09 ,7.88192E+11,3.67357E+11,78296923157,71583902871,44267895550,5.92235E+11
2022.01.16 ,8.16386E+11,3.96667E+11,78429393719,82396408181,46371082587,6.47456E+11
2022.01.23 ,6.6338E+11,2.86934E+11,78268348705,59091371268,29612702823,4.85922E+11
2022.01.30 ,7.22524E+11,3.0997E+11,78152722305,64142613619,30192355557,5.26095E+11
2022.02.06 ,7.85537E+11,3.60488E+11,77958275344,68485640942,35928156336,5.66646E+11
2022.02.13 ,7.99591E+11,3.4816E+11,78475876252,66478580811,30406941067,5.6871E+11
2022.02.20 ,7.60796E+11,3.30611E+11,79041843526,66068406982,29214127403,5.49342E+11
2022.02.27 ,7.41276E+11,3.32809E+11,79572332367,61630496631,28813759264,5.34918E+11
2022.03.06 ,7.47575E+11,3.19336E+11,79735103566,63553931053,28417354606,5.34604E+11
2022.03.13 ,7.36686E+11,3.0805E+11,80070392286,61423963099,26011992790,5.23288E+11
2022.03.20 ,8.01392E+11,3.54296E+11,80456470348,66019755650,29606878292,5.69162E+11
2022.03.27 ,8.45379E+11,3.77778E+11,81345262517,68687467500,33064761930,6.0583E+11
2022.04.03 ,8.71391E+11,4.14378E+11,82112985497,72167265741,43174418154,6.46375E+11
2022.04.10 ,8.12496E+11,3.91813E+11,82543494789,70408247507,36949620740,5.92364E+11
2022.04.17 ,7.68412E+11,3.68695E+11,82739008960,68941427511,34042291669,5.62229E+11
2022.04.24 ,7.51366E+11,3.54068E+11,83133777498,65533388124,33606139555,5.49181E+11
2022.05.01 ,7.17613E+11,3.29444E+11,83171035951,61658724194,28412555825,4.73047E+11
2022.05.08 ,6.75183E+11,3.18302E+11,83231348108,59686220280,26487199620,4.57712E+11
2022.05.15 ,5.72543E+11,2.48183E+11,76605466803,48480974680,17655312021,3.26595E+11
2022.05.22 ,5.60355E+11,2.38607E+11,73187928342,50935855435,17051776339,3.19331E+11
2022.05.29 ,5.52576E+11,2.16695E+11,72469017649,50195453199,15029230685,3.02045E+11
2022.06.05 ,5.68629E+11,2.18246E+11,72492549910,49161224527,13220210036,3.11317E+11
2022.06.12 ,5.40964E+11,1.85302E+11,72427628781,44008200617,11585753995,2.84926E+11
2022.06.19 ,3.61136E+11,1.20104E+11,68140918508,32158347391,10831128210,2.47281E+11
2022.06.26 ,4.09609E+11,1.50585E+11,66835697538,39145409721,14445024352,2.84464E+11
2022.07.03 ,3.67205E+11,1.29454E+11,66162853023,35602148890,11455101065,2.60815E+11
2022.07.10 ,4.12164E+11,1.47831E+11,65960485407,39717277008,13143702772,2.78145E+11
2022.07.17 ,4.0473E+11,1.64517E+11,65861745646,40760594679,13673679553,2.77051E+11
2022.07.24 ,4.29123E+11,1.88494E+11,65843483761,41862804080,13843896219,2.90313E+11
2022.07.31 ,4.51942E+11,2.06498E+11,66075458172,46396925913,15142356938,3.0662E+11
2022.08.07 ,4.38933E+11,2.06158E+11,66485061249,50841098184,13879667068,3.11862E+11
2022.08.14 ,4.67103E+11,2.41682E+11,67062561810,52269092422,16216926576,3.26683E+11
2022.08.21 ,4.0474E+11,1.92409E+11,67547818486,45761555753,12311457139,2.85102E+11
2022.08.28 ,3.83465E+11,1.82131E+11,67550646712,44820043555,11019085155,2.78824E+11
2022.09.04 ,3.79603E+11,1.90297E+11,67555518281,44816574559,10879065915,2.83081E+11
2022.09.11 ,4.15079E+11,2.17236E+11,67565052498,47904215820,12402494882,3.02315E+11
2022.09.18 ,3.85507E+11,1.79909E+11,67930094918,45048706949,11946365888,2.88116E+11
2022.09.25 ,3.62813E+11,1.61462E+11,67958300371,44384579755,11867029835,2.8352E+11
2022.10.02 ,3.70138E+11,1.60836E+11,67952498757,45641514437,11536228045,2.79375E+11
2022.10.09 ,3.72302E+11,1.61422E+11,68338375038,44601612803,11635512567,2.8108E+11
2022.10.16 ,3.65747E+11,1.56586E+11,68438324611,43304789242,10589769272,2.6742E+11
2022.10.23 ,3.68533E+11,1.6083E+11,68457318837,43271554736,10039392213,2.72371E+11
2022.10.30 ,3.99558E+11,1.98209E+11,68992647483,48670354144,11788624880,2.97098E+11
2022.11.06 ,4.08659E+11,1.99213E+11,69369098597,55878009924,13209409375,3.10965E+11
2022.11.13 ,3.22652E+11,1.53633E+11,67326674115,45171345119,5271772996,2.51243E+11
2022.11.20 ,3.21088E+11,1.49105E+11,65884700007,43581542220,4660978492,2.51106E+11
2022.11.27 ,3.16397E+11,1.47571E+11,65334455695,49810686063,5140391905,2.50872E+11
2022.12.04 ,3.25036E+11,1.52138E+11,65448433992,46479765739,4839674449,2.53668E+11
2022.12.11 ,3.29408E+11,1.54976E+11,65710392042,46094011871,4970441804,2.53043E+11
2022.12.18 ,3.23089E+11,1.45396E+11,66061043244,38794742871,4583839450,2.32645E+11
2022.12.25 ,3.24185E+11,1.49439E+11,66246934547,39133488422,4199311854,2.28234E+11
2023.01.01 ,3.18524E+11,1.46446E+11,66242484239,39404568796,3658819576,2.21255E+11
2023.01.08 ,3.2646E+11,1.54703E+11,66265558812,41790935385,4842262070,2.30385E+11
2023.01.15 ,4.04075E+11,1.89769E+11,66282125861,48841053871,8990954277,2.67218E+11
2023.01.22 ,4.38904E+11,1.99147E+11,66499723569,47250899530,9140402881,2.75976E+11
2023.01.29 ,4.43944E+11,1.92449E+11,67518108981,48355394989,8909484212,2.87664E+11
2023.02.05 ,4.49882E+11,2.04018E+11,68034946740,52195372467,9060669969,3.00482E+11
2023.02.12 ,4.21848E+11,1.88428E+11,68329460318,49044365232,7816531456,2.85599E+11
2023.02.19 ,4.75435E+11,2.07017E+11,70306645410,49993477228,8876435852,3.0552E+11
2023.02.26 ,4.473E+11,1.95157E+11,70807590421,47742856878,8522056647,2.88991E+11
2023.03.05 ,4.31623E+11,1.88773E+11,71367591355,45713670396,7945931466,2.77345E+11
2023.03.12 ,3.98425E+11,1.7857E+11,72628751184,43885372675,6979368793,2.51478E+11
2023.03.19 ,5.21088E+11,2.12363E+11,76361478449,52345733752,8129208471,2.75353E+11
2023.03.26 ,5.3144E+11,2.10059E+11,79093732523,50941019467,7848545048,2.68506E+11
2023.04.02 ,5.50316E+11,2.19377E+11,79710452435,49725662935,8132269066,2.78921E+11
2023.04.09 ,5.40625E+11,2.22807E+11,80231907779,49048950235,7773685859,2.75219E+11
2023.04.16 ,5.86534E+11,2.51948E+11,80968222316,51964147434,9436252945,2.91459E+11
2023.04.23 ,5.38345E+11,2.25677E+11,81433148487,51749062354,8565957204,2.68116E+11
2023.04.30 ,5.66183E+11,2.29809E+11,81735040519,50204467786,9111830488,2.6958E+11
2023.05.07 ,5.59709E+11,2.28669E+11,82226942196,50305557418,8662179592,2.57479E+11
2023.05.14 ,5.18969E+11,2.15983E+11,82846568348,48486400530,8252895765,2.46026E+11
2023.05.21 ,5.2553E+11,2.18913E+11,82948551350,48426754956,8032279366,2.48269E+11
2023.05.28 ,5.20913E+11,2.20202E+11,83168054884,47938681132,8095533021,2.45802E+11
2023.06.04 ,5.25043E+11,2.27536E+11,83167744894,47803920579,8398844103,2.51489E+11
2023.06.11 ,5.01532E+11,2.10703E+11,83396573554,37262901556,6235429160,2.14725E+11
2023.06.18 ,5.14438E+11,2.07631E+11,83543401788,38121105735,6249908728,2.19241E+11
2023.06.25 ,5.92914E+11,2.25465E+11,83240900152,36880384564,6657061888,2.37557E+11
2023.07.02 ,5.9392E+11,2.31355E+11,83350667462,38617731090,7480816741,2.44812E+11
2023.07.09 ,5.88386E+11,2.24262E+11,83378229922,36826502672,8793538070,2.37674E+11
2023.07.16 ,5.88689E+11,2.32187E+11,83638697110,39133366992,11027938985,2.60095E+11
2023.07.23 ,5.79012E+11,2.24293E+11,83805790865,37079737144,9908397095,2.57545E+11
2023.07.30 ,5.70778E+11,2.26054E+11,83831303950,37322623522,10177846859,2.58761E+11
2023.08.06 ,5.64871E+11,2.20486E+11,83820182251,37380522463,9168298628,2.45971E+11
2023.08.13 ,5.72315E+11,2.22159E+11,83366510395,36966222010,10110797084,2.49493E+11
2023.08.20 ,5.07902E+11,2.00703E+11,82838144743,33388300807,8913906809,2.22609E+11
2023.08.27 ,5.06345E+11,1.97909E+11,82811866941,33288736496,8272341288,2.20014E+11
2023.09.03 ,5.038E+11,1.96799E+11,82901682430,32993907647,7967342850,2.18109E+11
2023.09.10 ,5.04461E+11,1.96584E+11,82992946191,32957692204,7984825883,2.18605E+11
2023.09.17 ,5.17748E+11,1.96589E+11,83065027653,33069547650,7871412204,2.21531E+11
2023.09.24 ,5.1814E+11,1.91624E+11,83206758665,32396394279,8035147376,2.2133E+11
2023.10.01 ,5.25876E+11,2.00936E+11,83260095938,33046306303,8834373543,2.24887E+11
2023.10.08 ,5.45645E+11,1.96561E+11,83500048193,32673926885,9647341957,2.25071E+11
2023.10.15 ,5.24102E+11,1.87008E+11,83529062840,31784400610,9159152924,2.16187E+11
2023.10.22 ,5.8402E+11,1.95949E+11,84181185815,32513704451,12245080661,2.26863E+11
2023.10.29 ,6.65657E+11,2.13664E+11,84557956914,34252961268,13267677499,2.44381E+11
2023.11.05 ,6.85425E+11,2.23386E+11,85430312993,36020704253,17795445857,2.60958E+11
2023.11.12 ,7.25589E+11,2.46912E+11,86668304904,38143057154,23640923685,2.93913E+11
2023.11.19 ,7.15109E+11,2.36078E+11,87730704510,37161761285,24748165412,2.89903E+11
2023.11.26 ,7.39042E+11,2.50613E+11,88754420853,35562651279,24909552668,3.00305E+11
2023.12.03 ,7.72045E+11,2.60417E+11,89566800490,34782863622,27073588702,3.01184E+11
2023.12.10 ,8.55566E+11,2.81483E+11,90367602259,36072569560,30785230077,3.34067E+11
2023.12.17 ,8.26644E+11,2.67679E+11,90827201158,37066905730,31419170811,3.46049E+11
2023.12.24 ,8.56153E+11,2.7758E+11,91242168989,41166333986,46048035373,3.64021E+11
2023.12.31 ,8.25553E+11,2.75452E+11,91698266070,48096823112,43721535765,3.65936E+11
2024.01.07 ,8.62004E+11,2.69455E+11,93395210466,46689615629,40478211652,3.39739E+11
2024.01.14 ,8.39625E+11,3.09828E+11,95005278754,45844781625,41408952803,3.57982E+11
2024.01.21 ,8.16917E+11,2.96808E+11,95004214751,47401247336,40082852039,3.45839E+11
2024.01.28 ,8.2612E+11,2.72592E+11,96048191584,45727831937,40816872228,3.41645E+11
2024.02.04 ,8.43452E+11,2.75951E+11,96214400777,44821440121,42686938473,3.43882E+11
2024.02.11 ,9.37431E+11,3.00566E+11,96252271240,48318668741,47686155692,3.6566E+11
2024.02.18 ,1.01416E+12,3.34865E+11,97630905481,52776167194,48019845084,3.92414E+11
2024.02.25 ,1.01257E+12,3.59552E+11,97904752653,57083221436,45931122943,4.05887E+11
2024.03.03 ,1.21848E+12,4.1122E+11,99242606118,61458416875,57475609042,4.97568E+11
2024.03.10 ,1.34538E+12,4.70058E+11,1.018E+11,73208183490,64090013436,5.4999E+11
2024.03.17 ,1.28273E+12,4.22718E+11,1.03231E+11,86208672198,80736939721,5.06712E+11
2024.03.24 ,1.25894E+12,4.0013E+11,1.04057E+11,82524783018,76778649086,5.20798E+11
2024.03.31 ,1.36989E+12,4.21229E+11,1.04574E+11,89881380444,86385306684,5.58645E+11
2024.04.07 ,1.35574E+12,4.02681E+11,1.06844E+11,87626728045,79591786839,5.33513E+11
2024.04.14 ,1.2601E+12,3.61659E+11,1.07509E+11,82886811905,62194213684,4.20677E+11
2024.04.21 ,1.27939E+12,3.7914E+11,1.09763E+11,85370711939,67547638850,4.70082E+11
2024.04.28 ,1.24876E+12,3.90638E+11,1.1048E+11,87916234847,63181411051,4.56095E+11
2024.05.05 ,1.25845E+12,3.74404E+11,1.10781E+11,86466189114,65371502056,4.55638E+11
2024.05.12 ,1.1978E+12,3.49724E+11,1.10813E+11,87391115787,65168287545,4.39676E+11
2024.05.19 ,1.31855E+12,3.75175E+11,1.11357E+11,85672016392,77450976813,4.61086E+11
2024.05.26 ,1.36505E+12,4.5041E+11,1.11927E+11,88883203132,75691911084,4.81227E+11
2024.06.02 ,1.33439E+12,4.5814E+11,1.12067E+11,88743042879,76322640521,4.64527E+11
